Agmánd;mjfm@mjfm.gf;icqpiLq80
Ajándék;tcqv@tcqv.gq;zfzfzIz89
Áldor;zqqv@zqqv.qp;gmpigOp69
Amand;zfqz@zfqz.zm;qzlzqMl78
Amanda;gfmk@gfmk.qq;moakmBa72
Ámor;gqfp@gqfp.zq;xmfmxGf87
Árkád;qpzm@qpzm.zq;vpdmvXd88
Árkos;zmqm@zmqm.zq;zivqzDv66
Bánk;qqqm@qqqm.zf;lqzalZz75
Bende;zqqm@zqqm.gp;fzmffQm89
Benediktusz;zqqv@zqqv.zm;hvpmhTp68
Benignusz;zqqk@zqqk.dt;qzqkqMq73
Bors;zfff@zfff.fx;mqfcmKf83
Borsa;gpgh@gpgh.iz;zpzqzXz74
Cézár;zmjl@zmjl.zm;zaqmzNq88
Cezarin;dtoq@dtoq.di;mzdmmEd85
Cezarina;fxqf@fxqf.lm;zidazDd89
Dolli;izgm@izgm.qz;limmlDm76
Dóra;zmdp@zmdp.hq;lvqilTq84
Dórabella;dizq@dizq.qo;qqlkqKl68
Doren;lmzz@lmzz.xj;zofozBf68
Dorinka;qzmi@qzmi.th;xpxhxXx74
Dorit;hqlz@hqlz.jx;zijozUj85
Dorka;qohz@qohz.ia;stxksUx66
Dorottya;xjzl@xjzl.mh;fifmfUf89
Elek;thoc@thoc.jz;spqzsXq64
Erna;jxzz@jxzz.ad;zqzqzKz80
Erneszt;iazf@iazf.id;zhzzzOz64
Erneszta;mhcg@mhcg.ic;jzapjQa89
Ernesztina;jzmg@jzmg.zt;hmzqhGz85
Ernõ;admt@admt.fm;vmfmvOf82
Felda;idfh@idfh.qj;qgvoqPv83
Filip;icjp@icjp.tv;mqxkmZx75
Florianna;ztzz@ztzz.qm;fifffUf87
Florina;fmha@fmha.dg;spgosXg71
Fülöp;qjmf@qjmf.mp;zmxmzYx73
Gujdó;tvgq@tvgq.zm;divzdUv64
Izóra;qmfk@qmfk.di;sqmlsZm89
Jakab;dgff@dgff.lm;fqodfKo70
Jákó;mpgm@mpgm.qj;qxivqBi64
Jefte;zmdp@zmdp.td;ilqmiWq73
Jeremi;dizz@dizz.if;ofdtoId86
Kalliszta;lmhg@lmhg.cq;gifjgDf65
Kaplon;qjmj@qjmj.zh;lctllLt67
Kaplony;tdtm@tdtm.jl;zfoazHo72
Karion;ifqz@ifqz.oz;cxmmcBm68
Kasszandra;cqzd@cqzd.mq;ivqfiTq78
Keszi;zhif@zhif.fz;qqcmqKc79
Keszõ;jlpm@jlpm.hv;zzvvzCv65
Ketel;ozvq@ozvq.qx;aqqzaZq74
Manda;mqza@mqza.ip;ffacfIa85
Menodóra;fzml@fzml.zm;gmzvgGz77
Rajnald;hvok@hvok.qi;vaqmvNq73
Réka;qxfp@qxfp.sq;mfvqmIv72
Szamanta;ipzo@ipzo.zc;gqqdgZq75
Szilvánusz;zmxm@zmxm.zz;fziafEi76
Szvetlána;qiqt@qiqt.ax;zlmozWm72
Titánia;sqff@sqff.ih;ovxqoTx73
Titusz;zccl@zccl.jf;qizqqUz84
Tódor;zzoz@zzoz.gm;szqzsQq67
Veron;axzv@axzv.qc;hzzmhEz74
Verona;ihqp@ihqp.zm;zhqizOq64
Veronika;jfzt@jfzt.vf;jqlijKl83
Zobor;gmfz@gmfz.gl;zolpzBl84
Zsaklin;qcav@qcav.oa;xozmxBz82
